model,mse,rmse,mae,r2
ridge,2.7768548011686183,1.6663897506791796,1.1493666711820647,0.6360206503833521
random_forest,0.09330418916372746,0.3054573442622185,0.11016410411190529,0.9877700490230782
