model,mse,rmse,mae,r2
ridge,7.406011618415471,2.721398834867001,2.0783037713160204,0.029248741781614296
random_forest,2.5907978145825816,1.6095955437881224,1.2018176329647572,0.6604082780478302
